{
 "source": [
  [
   "def model_fun(x,p0,p1,p2,p3,p4,p5,p6,p7,p8):\n", 
   "    '''\n", 
   "    input: \n", 
   "        x0 : dwvl\n", 
   "        x1 : bwd\n", 
   "        x2 : -np.log(tra)\n", 
   "        x3 : amf\n", 
   "    returns: \n", 
   "         transmission correction factor\n", 
   "    '''\n", 
   "    return (  p0 + p1*x[0] + p2*x[1] + p3*x[2]*x[0] \n", 
   "            + p4*x[0]*x[2] + p5*x[1]*x[2] + p6*x[0]*x[1]\n", 
   "            + p7*x[0]**2 + p8*x[3]*x[0])\n"
  ], 
  2
 ], 
 "cwvl": 761.726, 
 "coef": [
  0.7389559161849003, 
  1.0031293314088998, 
  0.07322228867490567, 
  -0.11330928826087217, 
  0.09548570369830006, 
  0.008328890679651264, 
  -0.3125364083301735, 
  0.1275950228285915, 
  -0.007912068831936118
 ]
}