{
 "source": [
  [
   "def model_fun(x,p0,p1,p2,p3,p4,p5,p6,p7,p8):\n", 
   "    '''\n", 
   "    input: \n", 
   "        x0 : dwvl\n", 
   "        x1 : bwd\n", 
   "        x2 : -np.log(tra)\n", 
   "        x3 : amf\n", 
   "    returns: \n", 
   "         transmission correction factor\n", 
   "    '''\n", 
   "    return (  p0 + p1*x[0] + p2*x[1] + p3*x[2]*x[0] \n", 
   "            + p4*x[0]*x[2] + p5*x[1]*x[2] + p6*x[0]*x[1]\n", 
   "            + p7*x[0]**2 + p8*x[3]*x[0])\n"
  ], 
  2
 ], 
 "cwvl": 764.82500000000005, 
 "coef": [
  0.8601834155342507, 
  -0.029926126570007212, 
  0.0221006562333846, 
  -0.48340642415336343, 
  0.7538773748791243, 
  0.006683083524406195, 
  -0.027541401302316693, 
  0.11850518529167163, 
  -0.04335607158707242
 ]
}