{
 "source": [
  [
   "def model_fun(x,p0,p1,p2,p3,p4,p5,p6,p7,p8,p9,p10):\n", 
   "    '''\n", 
   "    input: \n", 
   "        x0 : dwvl\n", 
   "        x1 : bwd\n", 
   "        x2 : -np.log(tra)\n", 
   "        x3 : amf\n", 
   "    returns: \n", 
   "         transmission correction factor\n", 
   "    '''\n", 
   "    return (  p0 \n", 
   "            + p1*x[0] + p2*x[1] \n", 
   "            + p3*x[1]*x[0] \n", 
   "            + p4*x[0]**2\n", 
   "            + p5*x[2]*x[0] + p6*x[3]*x[0] \n", 
   "            + p7*x[2]**2 * x[0] + p8*x[3]**(0.5) * x[0]*x[2]\n", 
   "            + p9*x[2]**2 * x[1] + p10*x[3]**2 * x[1]) \n"
  ], 
  2
 ], 
 "cwvl": 767.91700000000003, 
 "coef": [
  1.0426786383679605, 
  0.43896719779971244, 
  -0.01709657030448074, 
  -0.0017870869208982895, 
  0.01681794637627487, 
  -0.35953731168410674, 
  -0.5872961960069476, 
  -0.6332904027950681, 
  1.3173181019012994, 
  -0.0008104862500262683, 
  9.14155364070107e-05
 ]
}